{"cameraMode":{"drawMode":0,"name":"Shaded","section":"Shading Mode"},"sceneLighting":false,"audioPlay":false,"sceneViewState":{"showFog":true,"showMaterialUpdate":false,"showSkybox":false,"showFlares":true,"showImageEffects":true,"showParticleSystems":true},"in2DMode":false,"pivot":{"x":4.656612873077393e-10,"y":0.0015156622976064683,"z":-1.6298145055770875e-7},"rotation":{"x":-0.3741752505302429,"y":-0.43173637986183169,"z":0.20315290987491609,"w":-0.7951890230178833},"size":0.0534842312335968,"orthographic":false}