{"cameraMode":{"drawMode":0,"name":"Shaded","section":"Shading Mode"},"sceneLighting":true,"audioPlay":false,"sceneViewState":{"showFog":true,"showMaterialUpdate":false,"showSkybox":true,"showFlares":true,"showImageEffects":true,"showParticleSystems":true},"in2DMode":false,"pivot":{"x":1.4844403266906739,"y":-0.8119006156921387,"z":-0.44903719425201418},"rotation":{"x":-0.20532554388046266,"y":-0.7679794430732727,"z":0.298587441444397,"w":-0.5281047224998474},"size":4.493032455444336,"orthographic":false}